 Supplementary Table 1. Detailed information of the maize inbred lines used in this study					
Sample ID	Inbred line name	Breeding era	Origin	 Subgroup	Heterotic group
1	17MC3248	II	Beijing,China	PA 2	PA
2	17MC3255	II	Beijing,China	PA 2	PA
3	MC9292	II	Beijing,China	Admix	Admix
4	MC9300	II	Beijing,China	SPT 1	SPT
5	MC5832	II	Beijing,China	PA 2	PA
6	MC5833	II	Beijing,China	PA 2	PA
7	MC5834	II	Beijing,China	PA 2	PA
8	MC5836	II	Beijing,China	PA 2	PA
9	MC5837	II	Beijing,China	PA 2	PA
10	MC5838	II	Beijing,China	PA 2	PA
11	MC5839	II	Beijing,China	PA 2	PA
12	MC5840	II	Beijing,China	PA 2	PA
13	MC5831	II	Beijing,China	PA 2	PA
14	MC7525	II	Beijing,China	Admix	Admix
15	MC7495	II	Beijing,China	Amargo	SS
16	MC7474	II	Beijing,China	1odent	Iodent
17	MC7488	II	Beijing,China	Amargo	SS
18	17MC2621	II	Beijing,China	SPT 1	SPT
19	17MC2622	II	Beijing,China	SPT 1	SPT
20	17MC2623	II	Beijing,China	SPT 1	SPT
21	17MC2624	II	Beijing,China	SPT 1	SPT
22	17MC2627	II	Beijing,China	SPT 1	SPT
23	17MC2629	II	Beijing,China	SPT 1	SPT
24	17MC2630	II	Beijing,China	SPT 1	SPT
25	17MC2632	II	Beijing,China	SPT 1	SPT
26	17MC2633	II	Beijing,China	SPT 1	SPT
27	17MC2635	II	Beijing,China	SPT 1	SPT
28	17MC2636	II	Beijing,China	SPT 1	SPT
29	17MC2637	II	Beijing,China	SPT 1	SPT
30	MC9282	II	Beijing,China	SPT 1	SPT
31	MC9287	II	Beijing,China	SPT 1	SPT
32	MC9288	II	Beijing,China	SPT 2	SPT
33	MC9289	II	Beijing,China	Admix	Admix
34	MC5841	II	Beijing,China	PA 2	PA
35	MC4174	II	Beijing,China	1odent	Iodent
36	MC4178	II	Beijing,China	Admix	Admix
37	MC5842	II	Beijing,China	PA 2	PA
38	MC5843	II	Beijing,China	PA 2	PA
39	MC5844	II	Beijing,China	PA 2	PA
40	MC5845	II	Beijing,China	PA 2	PA
41	MC5846	II	Beijing,China	PA 2	PA
42	MC5847	II	Beijing,China	PA 2	PA
43	MC5848	II	Beijing,China	Admix	Admix
44	MC5850	II	Beijing,China	PA 2	PA
45	MC3361	II	Beijing,China	PA 2	PA
46	MC3362	II	Beijing,China	PA 2	PA
47	MC3363	II	Beijing,China	PA 2	PA
48	MC3366	II	Beijing,China	PA 2	PA
49	MC3367	II	Beijing,China	PA 2	PA
50	MC3369	II	Beijing,China	PA 2	PA
51	MC3370	II	Beijing,China	PA 2	PA
52	MC6179	II	Beijing,China	1odent	Iodent
53	MC6231	II	Beijing,China	PA 2	PA
54	MC6233	II	Beijing,China	PA 2	PA
55	MC6234	II	Beijing,China	PA 2	PA
56	MC6235	II	Beijing,China	PA 2	PA
57	MC6236	II	Beijing,China	PA 2	PA
58	MC9265	II	Beijing,China	Admix	Admix
59	MC9269	II	Beijing,China	SPT 2	SPT
60	MC9270	II	Beijing,China	SPT 1	SPT
61	MC9274	II	Beijing,China	SPT 1	SPT
62	17CPB17	II	Jilin,China	1odent	Iodent
63	17CPB04	II	Jilin,China	Zi330	NSS
64	17CPA14	II	Jilin,China	Amargo	SS
65	DXA048	II	Jilin,China	Amargo	SS
66	DXA050	II	Jilin,China	Amargo	SS
67	DXA095	II	Jilin,China	Amargo	SS
68	DXA105	II	Jilin,China	Amargo	SS
69	DXA119	II	Jilin,China	Amargo	SS
70	DXA130	II	Jilin,China	Admix	Admix
71	DXA149	II	Jilin,China	Admix	Admix
72	DXA168	II	Jilin,China	Admix	Admix
73	DXA195	II	Jilin,China	Admix	Admix
74	DXB007	II	Jilin,China	1odent	Iodent
75	DXB037	II	Jilin,China	Admix	Admix
76	DXB060	II	Jilin,China	1odent	Iodent
77	DXB079	II	Jilin,China	1odent	Iodent
78	DXB146	II	Jilin,China	1odent	Iodent
79	DXB161	II	Jilin,China	1odent	Iodent
80	DXB163	II	Jilin,China	1odent	Iodent
81	DXB165	II	Jilin,China	1odent	Iodent
82	DXB167	II	Jilin,China	1odent	Iodent
83	DXB171	II	Jilin,China	1odent	Iodent
84	DXB180	II	Jilin,China	1odent	Iodent
85	DXB198	II	Jilin,China	1odent	Iodent
86	KW4M029	Unknown	Germany	Admix	Admix
87	DH382	II	Shandong,China	Admix	Admix
88	DH351	II	Shandong,China	Admix	Admix
89	Wu9086	II	Gansu,China	PA 2	PA
90	J398	II	Gansu,China	Admix	Admix
91	Z78	II	Gansu,China	Zi330	NSS
92	J005	II	Gansu,China	Lancaster 1	NSS
93	Y543-1	II	Gansu,China	Admix	Admix
94	KP105	II	Gansu,China	Lancaster 2	NSS
95	SF8	II	Gansu,China	SPT 1	SPT
96	Jin103	II	Gansu,China	Lancaster 2	NSS
97	Jing725	II	Beijing,China	1odent	Iodent
98	Jing724	II	Beijing,China	Amargo	SS
99	L269	II	Jilin,China	Admix	Admix
100	L201	II	Jilin,China	PA 1	PA
101	S122	II	Jilin,China	Zi330	NSS
102	M5972	II	Jilin,China	Admix	Admix
103	M03	II	Jilin,China	Amargo	SS
104	L239	II	Anhui,China	PA 2	PA
105	ly1359	II	Gansu,China	Admix	Admix
106	ly325	II	Gansu,China	Admix	Admix
107	LY2211	II	Gansu,China	Zi330	NSS
108	ly328	II	Gansu,China	Admix	Admix
109	5172	II	Gansu,China	SPT 2	SPT
110	C52106	II	Liaoning,China	Admix	Admix
111	CH552	II	Liaoning,China	Admix	Admix
112	W08	I	Liaoning,China	Zi330	NSS
113	T106	II	Liaoning,China	PA 1	PA
114	TF5088	II	Hebei,China	Admix	Admix
115	TF5011	II	Hebei,China	PA 1	PA
116	WK858	II	Henan,China	PA 2	PA
117	Wu7924	II	Gansu,China	Admix	Admix
118	Wu6006	II	Gansu,China	SPT 2	SPT
119	Wu6127	II	Gansu,China	PA 2	PA
120	ZD1882	I	Gansu,China	Lancaster 2	NSS
121	ZF39-5134	I	Gansu,China	Admix	Admix
122	XD973	I	Gansu,China	1odent	Iodent
123	Y3-2	II	Gansu,China	SPT 2	SPT
124	Y687	II	Gansu,China	PA 2	PA
125	950	II	Gansu,China	SPT 2	SPT
126	806	II	Gansu,China	PA 2	PA
127	ly5901	II	Gansu,China	Admix	Admix
128	ly5502	II	Gansu,China	PB	PB
129	ly6601	II	Gansu,China	Zi330	NSS
130	ly6206	II	Gansu,China	Admix	Admix
131	ly5405	II	Gansu,China	PB	PB
132	ly6101	II	Gansu,China	Admix	Admix
133	LongM0302	II	Gansu,China	Admix	Admix
134	ly5715	II	Gansu,China	Lancaster 1	NSS
135	ly6201	II	Gansu,China	Admix	Admix
136	802	II	Henan,China	PA 2	PA
137	6107A-2	II	Henan,China	SPT 2	SPT
138	521	II	Shandong,China	Admix	Admix
139	Zi5-2	II	Gansu,China	SPT 1	SPT
140	XF8-3	II	Gansu,China	Admix	Admix
141	Z05013	II	Gansu,China	Admix	Admix
142	XF063	II	Gansu,China	Amargo	SS
143	Zi5-3	II	Gansu,China	Admix	Admix
144	Z350	II	Gansu,China	Admix	Admix
145	LK58-8	II	Gansu,China	PB	PB
146	F83	II	Gansu,China	Lancaster 2	NSS
147	WC009	II	Beijing,China	Lancaster 1	NSS
148	S747	II	Jilin,China	Zi330	NSS
149	LY2209	II	Gansu,China	Zi330	NSS
150	ly0996	II	Gansu,China	1odent	Iodent
151	Sheng68	II	Henan,China	PA 2	PA
152	Sheng62	II	Henan,China	SPT 2	SPT
153	6300	II	Gansu,China	PB	PB
154	SX1132-2Rel	II	Shandong,China	Admix	Admix
155	SX3821	II	Shandong,China	SPT 1	SPT
156	SX3821Rel	II	Shandong,China	SPT 1	SPT
157	LongF1006	II	Gansu,China	Admix	Admix
158	LongF1011	II	Gansu,China	PB	PB
159	LongF1205	II	Gansu,China	Admix	Admix
160	LongF0301	II	Gansu,China	1odent	Iodent
161	ly5401	II	Gansu,China	Admix	Admix
162	LongF0202	II	Gansu,China	SPT 2	SPT
163	LongF2224	II	Gansu,China	PB	PB
164	ly2310	II	Gansu,China	PB	PB
165	ly5711	II	Gansu,China	Lancaster 1	NSS
166	LongF0402	II	Gansu,China	Admix	Admix
167	F0903	II	Gansu,China	SPT 2	SPT
168	Ji815	I	Hebei,China	Admix	Admix
169	Ji257	I	Hebei,China	Admix	Admix
170	Q317	II	Hebei,China	Zi330	NSS
171	H446	II	Hebei,China	PA 1	PA
172	Jizi14L145	II	Hebei,China	PA 1	PA
173	Jizi14W352	II	Hebei,China	PB	PB
174	L98	II	Hebei,China	PA 2	PA
175	H81	II	Hebei,China	SPT 2	SPT
176	H58	II	Hebei,China	PA 2	PA
177	Jizi147048	II	Hebei,China	PA 2	PA
178	HH4	II	Hebei,China	SPT 2	SPT
179	H599a	II	Hebei,China	PA 1	PA
180	JiziB154	II	Hebei,China	SPT 2	SPT
181	JiziA150	II	Hebei,China	1odent	Iodent
182	Jizi13L377	II	Hebei,China	PA 2	PA
183	214CTS	II	Hebei,China	PA 1	PA
184	Jizi13L348	II	Hebei,China	PA 2	PA
185	JiSX32T29	II	Hebei,China	1odent	Iodent
186	W-25	II	Hebei,China	PA 1	PA
187	Jizi5164	II	Hebei,China	PA 2	PA
188	x302	II	Hebei,China	Amargo	SS
189	B17	II	Hebei,China	SPT 2	SPT
190	Chang98	II	Hebei,China	SPT 2	SPT
191	JiziC32	II	Hebei,China	Admix	Admix
192	Jizi13L115	II	Hebei,China	PA 2	PA
193	Jizi14L126	II	Hebei,China	Admix	Admix
194	X47B	II	Hebei,China	Amargo	SS
195	Jizi13W142	II	Hebei,China	PA 2	PA
196	JiziA199	II	Hebei,China	1odent	Iodent
197	Jizi4658	II	Hebei,China	PA 2	PA
198	Jizi14W108	II	Hebei,China	PA 2	PA
199	16NB69	II	Hebei,China	Admix	Admix
200	16NS545	II	Hebei,China	1odent	Iodent
201	32T24	II	Hebei,China	1odent	Iodent
202	47B-10	II	Hebei,China	Amargo	SS
203	47B-9	II	Hebei,China	Amargo	SS
204	P28	II	Hebei,China	PA 2	PA
205	P6066	II	Hebei,China	Admix	Admix
206	R107	II	Hebei,China	SPT 2	SPT
207	W648	II	Hebei,China	PA 2	PA
208	Xun92-8	I	Henan,China	SPT 2	SPT
209	Xun9058	I	Henan,China	PA 1	PA
210	Zheng561	II	Henan,China	Amargo	SS
211	Zheng600	II	Henan,China	PA 2	PA
212	Zheng602	II	Henan,China	Admix	Admix
213	Zheng603	II	Henan,China	PA 2	PA
214	Zheng511	II	Henan,China	Admix	Admix
215	Zheng538	II	Henan,China	Admix	Admix
216	Zheng578	II	Henan,China	SPT 2	SPT
217	Zheng591	II	Henan,China	PA 2	PA
218	Zheng592	II	Henan,China	PA 2	PA
219	Zheng593	II	Henan,China	PA 2	PA
220	5N1202	II	Henan,China	Admix	Admix
221	5N1203	II	Henan,China	Admix	Admix
222	5N1207	II	Henan,China	Admix	Admix
223	5N1208	II	Henan,China	Admix	Admix
224	5N1209	II	Henan,China	PA 2	PA
225	5N1210	II	Henan,China	PA 2	PA
226	5N1211	II	Henan,China	PA 2	PA
227	5N545	II	Henan,China	Admix	Admix
228	5N548	II	Henan,China	Admix	Admix
229	5N65	II	Henan,China	PA 2	PA
230	5N74	II	Henan,China	SPT 2	SPT
231	5N76	II	Henan,China	Admix	Admix
232	5N78	II	Henan,China	SPT 2	SPT
233	5N79	II	Henan,China	PA 2	PA
234	6NH372	II	Henan,China	PA 2	PA
235	6NH392	II	Henan,China	Admix	Admix
236	6NH402	II	Henan,China	Admix	Admix
237	6NH625	II	Henan,China	Admix	Admix
238	6NH637	II	Henan,China	PA 2	PA
239	6NH649	II	Henan,China	1odent	Iodent
240	6NH671	II	Henan,China	Admix	Admix
241	6NH677	II	Henan,China	Admix	Admix
242	6NH687	II	Henan,China	Admix	Admix
243	6NH717	II	Henan,China	PA 2	PA
244	6NH737	II	Henan,China	Admix	Admix
245	6NH761	II	Henan,China	PA 2	PA
246	6NH769	II	Henan,China	PA 2	PA
247	6NH779	II	Henan,China	PA 2	PA
248	6NH786	II	Henan,China	Admix	Admix
249	6NH798	II	Henan,China	Admix	Admix
250	6NH808	II	Henan,China	Admix	Admix
251	Xun5872	II	Henan,China	PA 1	PA
252	Xun248	I	Henan,China	PA 1	PA
253	Xun313	II	Henan,China	PA 1	PA
254	L58673-1-1	II	Henan,China	PA 1	PA
255	ZK02-1	I	Henan,China	SPT 2	SPT
256	ZhengA88	II	Henan,China	PA 1	PA
257	ZhengT22	II	Henan,China	SPT 2	SPT
258	Zhu07	I	Henan,China	PA 2	PA
259	Luo1223	II	Henan,China	SPT 2	SPT
260	ZhengA118	II	Henan,China	Admix	Admix
261	A1393	II	Henan,China	SPT 2	SPT
262	Zheng2312	II	Henan,China	Admix	Admix
263	Z0108	II	Henan,China	Admix	Admix
264	Zheng1358	II	Henan,China	PA 2	PA
265	Zheng8058	II	Henan,China	Admix	Admix
266	Zheng8148	II	Henan,China	Admix	Admix
267	ZhengX959	II	Henan,China	Amargo	SS
268	Xiongzhang	I	Heilongjiang,China	Lancaster 2	NSS
269	901106-7	I	Heilongjiang,China	Lancaster 1	NSS
270	An441A	I	Heilongjiang,China	Lancaster 2	NSS
271	8941	I	Heilongjiang,China	Lancaster 2	NSS
272	H172	II	Heilongjiang,China	Admix	Admix
273	H050	II	Heilongjiang,China	Admix	Admix
274	Dong8112	I	Heilongjiang,China	Lancaster 2	NSS
275	Dong62072	II	Heilongjiang,China	SPT 2	SPT
276	Dong58-1	II	Heilongjiang,China	PA 2	PA
277	DN139	II	Heilongjiang,China	SPT 1	SPT
278	DN1722	II	Heilongjiang,China	Lancaster 1	NSS
279	Nan5	I	Heilongjiang,China	Lancaster 2	NSS
280	Dongbeihu	I	Heilongjiang,China	Lancaster 1	NSS
281	Hexuan18	II	Heilongjiang,China	Lancaster 1	NSS
282	W9813	II	Heilongjiang,China	1odent	Iodent
283	HR30	I	Heilongjiang,China	Lancaster 1	NSS
284	KL613	II	Heilongjiang,China	Lancaster 1	NSS
285	KL632	II	Heilongjiang,China	1odent	Iodent
286	KL45	II	Heilongjiang,China	Admix	Admix
287	T116	I	Heilongjiang,China	Lancaster 1	NSS
288	Lv951	I	Heilongjiang,China	SPT 1	SPT
289	Lv983	II	Heilongjiang,China	Admix	Admix
290	Suixi604	I	Heilongjiang,China	Lancaster 1	NSS
291	Suixi703	I	Heilongjiang,China	Lancaster 1	NSS
292	Suixi603	I	Heilongjiang,China	Lancaster 2	NSS
293	Suixi606	I	Heilongjiang,China	Lancaster 2	NSS
294	Suixi706	II	Heilongjiang,China	Lancaster 2	NSS
295	Suixi707	II	Heilongjiang,China	Zi330	NSS
296	Suixi608	II	Heilongjiang,China	Amargo	SS
297	Suixi708	II	Heilongjiang,China	Amargo	SS
298	Suixi709	II	Heilongjiang,China	Lancaster 1	NSS
299	Suixi609	II	Heilongjiang,China	Admix	Admix
300	Suixi613	II	Heilongjiang,China	Zi330	NSS
301	833	II	Heilongjiang,China	PB	PB
302	8638	II	Heilongjiang,China	Admix	Admix
303	T23717	II	Heilongjiang,China	Lancaster 2	NSS
304	T5588	II	Heilongjiang,China	Admix	Admix
305	DN003	II	Heilongjiang,China	1odent	Iodent
306	DN4402	II	Heilongjiang,China	SPT 1	SPT
307	DN444	II	Heilongjiang,China	Admix	Admix
308	DN6217	II	Heilongjiang,China	Admix	Admix
309	Jia6	II	Heilongjiang,China	Zi330	NSS
310	FZ11	II	Heilongjiang,China	Admix	Admix
311	FZ32	II	Heilongjiang,China	Admix	Admix
312	FZ30	II	Heilongjiang,China	Admix	Admix
313	T5553	II	Heilongjiang,China	Admix	Admix
314	Hexi15-17	II	Heilongjiang,China	PA 1	PA
315	Hexi15-2	II	Heilongjiang,China	Lancaster 1	NSS
316	Hexi15-9	II	Heilongjiang,China	Lancaster 2	NSS
317	T34905	II	Heilongjiang,China	PA 2	PA
318	T34907	II	Heilongjiang,China	PA 2	PA
319	T5107	II	Heilongjiang,China	Zi330	NSS
320	T5195	II	Heilongjiang,China	Zi330	NSS
321	T33114	II	Heilongjiang,China	Admix	Admix
322	T33117	II	Heilongjiang,China	Admix	Admix
323	T33118	II	Heilongjiang,China	Admix	Admix
324	L378	II	Heilongjiang,China	Admix	Admix
325	T5853	II	Heilongjiang,China	Lancaster 2	NSS
326	Suixi610	II	Heilongjiang,China	Admix	Admix
327	Suixi616	II	Heilongjiang,China	1odent	Iodent
328	T33336	II	Heilongjiang,China	PA 1	PA
329	T5551	II	Heilongjiang,China	1odent	Iodent
330	T7114	II	Heilongjiang,China	Amargo	SS
331	T24087	II	Heilongjiang,China	Admix	Admix
332	T24139	II	Heilongjiang,China	BSSS	SS
333	T33362	II	Heilongjiang,China	Zi330	NSS
334	T24223	II	Heilongjiang,China	Admix	Admix
335	T24225	II	Heilongjiang,China	Admix	Admix
336	T23930	II	Heilongjiang,China	Lancaster 2	NSS
337	HA667	II	Heilongjiang,China	PA 2	PA
338	HB280	II	Heilongjiang,China	1odent	Iodent
339	HB3	II	Heilongjiang,China	Admix	Admix
340	HB322	II	Heilongjiang,China	Lancaster 1	NSS
341	HB355	II	Heilongjiang,China	1odent	Iodent
342	HB448	II	Heilongjiang,China	1odent	Iodent
343	1125	II	Heilongjiang,China	Lancaster 2	NSS
344	1186	II	Heilongjiang,China	Lancaster 2	NSS
345	HB410	II	Heilongjiang,China	1odent	Iodent
346	T6896	II	Heilongjiang,China	Lancaster 2	NSS
347	T7304	II	Heilongjiang,China	1odent	Iodent
348	T7309	II	Heilongjiang,China	1odent	Iodent
349	T33299	II	Heilongjiang,China	Admix	Admix
350	T33448	II	Heilongjiang,China	Admix	Admix
351	T33169	II	Heilongjiang,China	1odent	Iodent
352	T26403	II	Heilongjiang,China	Admix	Admix
353	CGNS	II	Heilongjiang,China	Admix	Admix
354	FZ13	II	Heilongjiang,China	Admix	Admix
355	P7-2	II	Heilongjiang,China	1odent	Iodent
356	SVAP7	II	Heilongjiang,China	Admix	Admix
357	T51023	II	Heilongjiang,China	1odent	Iodent
358	T53497	II	Heilongjiang,China	Admix	Admix
359	T53681	II	Heilongjiang,China	Admix	Admix
360	T54485	II	Heilongjiang,China	Lancaster 2	NSS
361	T58050	II	Heilongjiang,China	1odent	Iodent
362	T58547	II	Heilongjiang,China	Lancaster 2	NSS
363	T58765	II	Heilongjiang,China	1odent	Iodent
364	UMN10	II	Heilongjiang,China	Admix	Admix
365	XF-1	II	Heilongjiang,China	Amargo	SS
366	Ji853	I	Jilin,China	SPT 1	SPT
367	SCML202	I	Yunnan,China	PA 1	PA
368	HRM8	II	Heilongjiang,China	PA 1	PA
369	HF12202	II	USA	BSSS	SS
370	Long11-M11	II	Xinjiang,China	1odent	Iodent
371	Jing24	I	Beijing,China	SPT 1	SPT
372	HRB16174	II	Heilongjiang,China	1odent	Iodent
373	KL2	I	Heilongjiang,China	Lancaster 2	NSS
374	Jia28	II	Heilongjiang,China	Admix	Admix
375	HRB16179	II	Liaoning,China	Amargo	SS
376	HR8834	II	Heilongjiang,China	Zi330	NSS
377	L203	II	Heilongjiang,China	PA 1	PA
378	HRB16193	II	Heilongjiang,China	Admix	Admix
379	Zhe931	Unknown	Jilin,China	SPT 1	SPT
380	Zhe461	I	Inner Mongolia,China	SPT 1	SPT
381	HRU322	II	Heilongjiang,China	Admix	Admix
382	HRP3814	II	Heilongjiang,China	PB	PB
383	HRB16041	II	Heilongjiang,China	Admix	Admix
384	HRB16045	II	Heilongjiang,China	Admix	Admix
385	HRB16046	II	Heilongjiang,China	Lancaster 2	NSS
386	HRB16086	II	Heilongjiang,China	Lancaster 2	NSS
387	HRB16070	II	Heilongjiang,China	Lancaster 1	NSS
388	HRB16072	II	Heilongjiang,China	Lancaster 1	NSS
389	HRB16073	II	Heilongjiang,China	Lancaster 1	NSS
390	HRB16001	II	Heilongjiang,China	Admix	Admix
391	HRB16049	II	Heilongjiang,China	Admix	Admix
392	HRB16026	II	Heilongjiang,China	Zi330	NSS
393	HRB16027	II	Heilongjiang,China	Admix	Admix
394	HRB16031	II	Heilongjiang,China	Admix	Admix
395	HRB16014	II	Heilongjiang,China	BSSS	SS
396	HRB16037	II	Heilongjiang,China	Admix	Admix
397	HRB16033	II	Heilongjiang,China	Admix	Admix
398	HRB16034	II	Heilongjiang,China	Lancaster 2	NSS
399	HRB16060	II	Heilongjiang,China	Admix	Admix
400	HRB16061	II	Heilongjiang,China	Lancaster 2	NSS
401	HRB16078	II	Heilongjiang,China	Lancaster 2	NSS
402	HRB16025	II	Heilongjiang,China	Admix	Admix
403	HRB16008	II	Heilongjiang,China	Admix	Admix
404	HRB16088	II	Heilongjiang,China	Lancaster 2	NSS
405	HRB16038	II	Heilongjiang,China	Admix	Admix
406	HRB16074	II	Heilongjiang,China	Admix	Admix
407	HRB16053	II	Heilongjiang,China	Lancaster 2	NSS
408	HRB16092	II	Heilongjiang,China	Lancaster 2	NSS
409	HRB16093	II	Heilongjiang,China	Lancaster 2	NSS
410	HRB16085	II	Heilongjiang,China	BSSS	SS
411	HRB16095	II	Heilongjiang,China	Lancaster 2	NSS
412	HRB16044	II	Heilongjiang,China	PA 1	PA
413	HRB16055	II	Heilongjiang,China	PA 2	PA
414	Zhe614	I	Inner Mongolia,China	SPT 1	SPT
415	HRK41	II	Heilongjiang,China	PA 2	PA
416	Chengzi108	II	Sichuan,China	PB	PB
417	DK411	Unknown	Heilongjiang,China	1odent	Iodent
418	DKM8	II	Heilongjiang,China	Admix	Admix
419	Dong96	I	Heilongjiang,China	Lancaster 2	NSS
420	HR118Gai	II	Heilongjiang,China	Lancaster 2	NSS
421	HR1217	II	Heilongjiang,China	Admix	Admix
422	HR3837	II	Heilongjiang,China	PB	PB
423	HR6564	II	Heilongjiang,China	PA 1	PA
424	HR73	II	Heilongjiang,China	Admix	Admix
425	HRB16198	Unknown	China	Admix	Admix
426	HRB16199	Unknown	China	Admix	Admix
427	HRB16218	I	Inner Mongolia,China	SPT 1	SPT
428	HRB16219	I	Inner Mongolia,China	Admix	Admix
429	HRB16221	II	Liaoning,China	Amargo	SS
430	HRB16223	II	Jilin,China	Amargo	SS
431	HRB16225	I	Liaoning,China	Zi330	NSS
432	HRB16234	II	Heilongjiang,China	Admix	Admix
433	HRB16244	II	Heilongjiang,China	Lancaster 2	NSS
434	HRB16262	II	Heilongjiang,China	Lancaster 2	NSS
435	HRB16272	II	Heilongjiang,China	Admix	Admix
436	HRC344	II	Heilongjiang,China	Admix	Admix
437	HRK3178	II	Heilongjiang,China	Admix	Admix
438	HRk7011	II	Heilongjiang,China	Admix	Admix
439	HRk7012	II	Heilongjiang,China	Lancaster 2	NSS
440	HRk7014	II	Heilongjiang,China	Admix	Admix
441	HRS1516	II	Heilongjiang,China	BSSS	SS
442	HRU3	II	Heilongjiang,China	Admix	Admix
443	HRWC1	II	Heilongjiang,China	Amargo	SS
444	Ji9-033	II	Jilin,China	PA 1	PA
445	JiZ-S24-9	II	Hebei,China	SPT 1	SPT
446	Liao106	I	Liaoning,China	Lancaster 2	NSS
447	Mo113	I	Heilongjiang,China	Lancaster 1	NSS
448	SCML205Rel	II	Sichuan,China	PA 2	PA
449	v022	I	Jilin,China	1odent	Iodent
450	V022Gai	II	Heilongjiang,China	Lancaster 2	NSS
451	WIL900Rel	I	USA	Lancaster 1	NSS
452	Y09N4	Unknown	China	PA 1	PA
453	Y10N60	Unknown	China	PA 1	PA
454	Y1303	Unknown	China	Admix	Admix
455	Y14N02	Unknown	China	Admix	Admix
456	Y14N03	Unknown	China	Lancaster 1	NSS
457	Zhe969	Unknown	Inner Mongolia,China	SPT 1	SPT
458	Zheng60	II	Henan,China	PA 1	PA
459	11239	II	Jilin,China	Admix	Admix
460	121438	II	Jilin,China	Lancaster 2	NSS
461	121494	II	Jilin,China	Zi330	NSS
462	121756	II	Jilin,China	PA 1	PA
463	121842	II	Jilin,China	Admix	Admix
464	161177	II	Jilin,China	1odent	Iodent
465	161191	II	Jilin,China	1odent	Iodent
466	161197	II	Jilin,China	1odent	Iodent
467	161223	II	Jilin,China	1odent	Iodent
468	R203	I	Jilin,China	Admix	Admix
469	Ya7922	II	Jilin,China	Admix	Admix
470	YD7922	II	Jilin,China	PA 1	PA
471	Su80-1	I	Jilin,China	Lancaster 2	NSS
472	444-1	I	Jilin,China	SPT 1	SPT
473	Zhong451	I	Beijing,China	Admix	Admix
474	r5003	I	Liaoning,China	PA 1	PA
475	150	I	Jilin,China	Lancaster 1	NSS
476	9046	I	Liaoning,China	PA 1	PA
477	JMO17D	II	Jilin,China	Lancaster 1	NSS
478	9222	II	Jilin,China	Admix	Admix
479	9094	II	Jilin,China	Amargo	SS
480	Jizi1042	II	Jilin,China	Admix	Admix
481	Jizi1043	II	Jilin,China	1odent	Iodent
482	Jizi1046	II	Jilin,China	PB	PB
483	Jizi1050	II	Jilin,China	Admix	Admix
484	Jizi1055	II	Jilin,China	Admix	Admix
485	Jizi1057	II	Jilin,China	PA 1	PA
486	Jizi1058	II	Jilin,China	Lancaster 2	NSS
487	Jizi1082	II	Jilin,China	PA 2	PA
488	Jizi1084	II	Jilin,China	Admix	Admix
489	Jizi1134	II	Jilin,China	BSSS	SS
490	Jizi1138	II	Jilin,China	Amargo	SS
491	Jizi1140	II	Jilin,China	PA 1	PA
492	9070	II	Jilin,China	Admix	Admix
493	9083	II	Jilin,China	Amargo	SS
494	9218	II	Jilin,China	Admix	Admix
495	9219	II	Jilin,China	Admix	Admix
496	Jizi1006	II	Jilin,China	Lancaster 1	NSS
497	Jizi1008	II	Jilin,China	PA 1	PA
498	Jizi1023	II	Jilin,China	SPT 2	SPT
499	Jizi1034	II	Jilin,China	Lancaster 1	NSS
500	Jizi1039	II	Jilin,China	PA 1	PA
501	Jizi1040	II	Jilin,China	PA 1	PA
502	9033	II	Jilin,China	Admix	Admix
503	9069	II	Jilin,China	Admix	Admix
504	9087	II	Jilin,China	Admix	Admix
505	9109	II	Jilin,China	Admix	Admix
506	9161	II	Jilin,China	Amargo	SS
507	9163	II	Jilin,China	Admix	Admix
508	Jizi1092	II	Jilin,China	PA 1	PA
509	Jizi1018	II	Jilin,China	Lancaster 1	NSS
510	9180	II	Jilin,China	Admix	Admix
511	842	I	Jilin,China	1odent	Iodent
512	846	I	Jilin,China	SPT 1	SPT
513	C8605-2	I	Liaoning,China	PA 1	PA
514	P138	I	Beijing,China	PB	PB
515	81162	I	Jilin,China	Lancaster 2	NSS
516	4F1	I	Jilin,China	Lancaster 1	NSS
517	He344	I	Heilongjiang,China	Lancaster 1	NSS
518	Si-287	I	Jilin,China	SPT 1	SPT
519	Cheng351	I	Hebei,China	Lancaster 2	NSS
520	351	I	Hebei,China	Lancaster 2	NSS
521	S121	II	Liaoning,China	Zi330	NSS
522	81533	II	Jilin,China	PB	PB
523	1007-3	II	Jilin,China	PA 1	PA
524	Hai7	I	Jilin,China	PA 1	PA
525	JLXH-27	II	Jilin,China	PB	PB
526	JLXH-38	II	Jilin,China	Amargo	SS
527	JLXH-42	II	Jilin,China	Lancaster 2	NSS
528	JLXH-71	I	Jilin,China	Admix	Admix
529	Zhongxi09102	II	Jilin,China	SPT 1	SPT
530	JLXH-2	II	Jilin,China	PA 1	PA
531	JLXH-3	II	Jilin,China	Admix	Admix
532	JLXH-4	II	Jilin,China	Lancaster 1	NSS
533	JLXH-16	II	Jilin,China	Admix	Admix
534	JLXH-17	Unknown	Jilin,China	PA 1	PA
535	JLXH-19	Unknown	Jilin,China	Admix	Admix
536	JLXH-10	II	Jilin,China	PA 2	PA
537	JLXH-11	II	Jilin,China	PA 2	PA
538	JLXH-12	II	Jilin,China	PA 2	PA
539	PHP60	II	USA	Admix	Admix
540	PHW51	II	USA	Amargo	SS
541	M67huangrong	I	Liaoning,China	Amargo	SS
542	Dan337	I	Liaoning,China	Admix	Admix
543	Liao2309	I	Liaoning,China	Admix	Admix
544	Shen137	I	Liaoning,China	SPT 1	SPT
545	Tie7922	I	Liaoning,China	PA 1	PA
546	S96	II	Liaoning,China	Admix	Admix
547	C89	II	Liaoning,China	Admix	Admix
548	Dan598whitecob	I	Liaoning,China	PB	PB
549	D26	I	Liaoning,China	PA 1	PA
550	Dan599	I	Liaoning,China	PB	PB
551	G285	II	Liaoning,China	PA 2	PA
552	Liao6082	I	Liaoning,China	PA 1	PA
553	Liao428	II	Liaoning,China	PA 1	PA
554	Liao68	I	Liaoning,China	PB	PB
555	Liao51	I	Liaoning,China	PB	PB
556	Liao8022	II	Liaoning,China	1odent	Iodent
557	Liao106Rel	I	Liaoning,China	Lancaster 2	NSS
558	Liao8821	II	Liaoning,China	PA 1	PA
559	Liao785	I	Liaoning,China	PB	PB
560	Ming2325	I	Liaoning,China	PA 1	PA
561	Liao4545	II	Liaoning,China	PB	PB
562	Shen3265	I	Liaoning,China	SPT 1	SPT
563	Shen3336	I	Liaoning,China	PA 1	PA
564	Shen161	II	Liaoning,China	SPT 2	SPT
565	Tie9010	I	Liaoning,China	Zi330	NSS
566	Tie97085	I	Liaoning,China	Amargo	SS
567	Tie98042	I	Liaoning,China	PB	PB
568	T0203	II	Liaoning,China	Admix	Admix
569	T0278	II	Liaoning,China	Admix	Admix
570	T0759redcob	II	Liaoning,China	Admix	Admix
571	D340	II	Beijing,China	Admix	Admix
572	Liao0513	I	Liaoning,China	Lancaster 1	NSS
573	Liao0526	I	Liaoning,China	PA 1	PA
574	Liao1066	II	Liaoning,China	PA 2	PA
575	Liao436	II	Liaoning,China	Zi330	NSS
576	Liao4191	II	Liaoning,China	PA 1	PA
577	Liao1A407	II	Liaoning,China	Admix	Admix
578	Liao75951	II	Liaoning,China	Zi330	NSS
579	Liao0558	II	Liaoning,China	Admix	Admix
580	Liao0567	II	Liaoning,China	PB	PB
581	Liao0699	II	Liaoning,China	Admix	Admix
582	Liao0692	II	Liaoning,China	SPT 1	SPT
583	Liao3162R	II	Liaoning,China	Amargo	SS
584	218F	II	Liaoning,China	Admix	Admix
585	C8605-2Rel	I	Liaoning,China	PA 1	PA
586	Dan598redcob	II	Liaoning,China	Admix	Admix
587	Liao0369	II	Liaoning,China	PA 1	PA
588	Liao0544	II	Liaoning,China	PA 1	PA
589	Liao0581	II	Liaoning,China	Admix	Admix
590	Liao0619	II	Liaoning,China	Zi330	NSS
591	Liao15-66	II	Liaoning,China	PA 2	PA
592	Liao20358	II	Liaoning,China	PB	PB
593	Liao2235	II	Liaoning,China	Admix	Admix
594	Liao2361	II	Liaoning,China	PA 1	PA
595	Liao2572	II	Liaoning,China	SPT 2	SPT
596	Liao2908	II	Liaoning,China	Admix	Admix
597	Liao3006	II	Liaoning,China	Admix	Admix
598	Liao3044	II	Liaoning,China	Admix	Admix
599	Liao3348	II	Liaoning,China	PA 1	PA
600	Liao5011	II	Liaoning,China	Lancaster 2	NSS
601	Liao5090	II	Liaoning,China	PA 1	PA
602	Liao5114	II	Liaoning,China	PA 1	PA
603	Liao53237	II	Liaoning,China	PA 1	PA
604	Liao6027	II	Liaoning,China	Admix	Admix
605	Liao63024	II	Liaoning,China	PB	PB
606	Liao8160	II	Liaoning,China	PA 1	PA
607	M54Rel	II	Liaoning,China	Zi330	NSS
608	Shen5003	I	Liaoning,China	PA 1	PA
609	Shen501	I	Liaoning,China	Zi330	NSS
610	T0294	II	Liaoning,China	Admix	Admix
611	T98131	II	Liaoning,China	Admix	Admix
612	Zhong106	I	Beijing,China	Lancaster 2	NSS
613	85123	II	Liaoning,China	SPT 2	SPT
614	85498	II	Liaoning,China	Admix	Admix
615	86208	II	Liaoning,China	Admix	Admix
616	86245	II	Liaoning,China	Admix	Admix
617	W382	II	Liaoning,China	PA 1	PA
618	W240	II	Liaoning,China	Admix	Admix
619	CAW4w	II	Liaoning,China	SPT 2	SPT
620	85011	II	Liaoning,China	Admix	Admix
621	XH-1	II	Liaoning,China	PA 1	PA
622	Tie20134	II	Liaoning,China	Admix	Admix
623	Tie0255-1	II	Liaoning,China	Admix	Admix
624	9502	II	Liaoning,China	PB	PB
625	9515	II	Liaoning,China	1odent	Iodent
626	9522	II	Liaoning,China	PB	PB
627	9534	II	Liaoning,China	PB	PB
628	9580	II	Liaoning,China	BSSS	SS
629	9584	II	Liaoning,China	Admix	Admix
630	9626	II	Liaoning,China	SPT 2	SPT
631	CG107	Unknown	Canada	1odent	Iodent
632	CG108	Unknown	Canada	Admix	Admix
633	F665	Unknown	Canada	Admix	Admix
634	TD282	Unknown	Canada	1odent	Iodent
635	TE322	Unknown	Canada	1odent	Iodent
636	TE347	Unknown	Canada	1odent	Iodent
637	TE348	Unknown	Canada	1odent	Iodent
638	TE350	Unknown	Canada	Amargo	SS
639	TE354	Unknown	Canada	1odent	Iodent
640	Dong101	I	Liaoning,China	Lancaster 2	NSS
641	Nan7041-5	I	Sichuan,China	Zi330	NSS
642	Nandd60-0	II	Sichuan,China	Admix	Admix
643	100A	I	Sichuan,China	Admix	Admix
644	P138-183	II	Sichuan,China	Admix	Admix
645	M3401	I	Inner Mongolia,China	Admix	Admix
646	M3401Rel	I	Inner Mongolia,China	Admix	Admix
647	M5168	I	Inner Mongolia,China	PA 1	PA
648	M5168Rel	I	Inner Mongolia,China	PA 1	PA
649	Meng17j07	II	Inner Mongolia,China	PA 1	PA
650	Meng17j20	II	Inner Mongolia,China	Amargo	SS
651	Meng17j29	II	Inner Mongolia,China	Admix	Admix
652	M15044	II	Inner Mongolia,China	Admix	Admix
653	M15131	II	Inner Mongolia,China	PA 1	PA
654	M15202	II	Inner Mongolia,China	Admix	Admix
655	M15208	II	Inner Mongolia,China	PA 1	PA
656	M35094	II	Inner Mongolia,China	Admix	Admix
657	M35119	II	Inner Mongolia,China	PA 1	PA
658	M35124	II	Inner Mongolia,China	PA 1	PA
659	M35161	II	Inner Mongolia,China	PA 1	PA
660	M35170	II	Inner Mongolia,China	Admix	Admix
661	M35208	II	Inner Mongolia,China	Lancaster 2	NSS
662	M35211	II	Inner Mongolia,China	SPT 1	SPT
663	M35234	II	Inner Mongolia,China	PA 2	PA
664	M35276	II	Inner Mongolia,China	Admix	Admix
665	M35358	II	Inner Mongolia,China	Admix	Admix
666	M35457	II	Inner Mongolia,China	Amargo	SS
667	M45088	II	Inner Mongolia,China	PA 1	PA
668	M45172	II	Inner Mongolia,China	PB	PB
669	M45199	II	Inner Mongolia,China	PA 1	PA
670	M45232	II	Inner Mongolia,China	PA 1	PA
671	M45480	II	Inner Mongolia,China	BSSS	SS
672	M45482	II	Inner Mongolia,China	Admix	Admix
673	M45589	II	Inner Mongolia,China	PA 1	PA
674	M02N-23	II	Inner Mongolia,China	Amargo	SS
675	M04si-11	II	Inner Mongolia,China	PA 1	PA
676	M05N142	II	Inner Mongolia,China	Amargo	SS
677	M06-131	II	Inner Mongolia,China	Admix	Admix
678	M06-26	II	Inner Mongolia,China	PA 1	PA
679	M08-347	II	Inner Mongolia,China	PA 1	PA
680	M08N144	II	Inner Mongolia,China	PA 1	PA
681	M08N171	II	Inner Mongolia,China	Amargo	SS
682	M09N041	II	Inner Mongolia,China	SPT 2	SPT
683	M09N142	II	Inner Mongolia,China	PA 2	PA
684	M09N160	II	Inner Mongolia,China	SPT 2	SPT
685	M09N226	II	Inner Mongolia,China	Admix	Admix
686	M6021C546	II	Inner Mongolia,China	Admix	Admix
687	M75	II	Inner Mongolia,China	PB	PB
688	M92478-1	II	Inner Mongolia,China	PA 1	PA
689	M9N165	II	Inner Mongolia,China	PA 1	PA
690	MH341028	II	Inner Mongolia,China	Admix	Admix
691	MISH605	II	Inner Mongolia,China	BSSS	SS
692	MS001	II	Inner Mongolia,China	Amargo	SS
693	MT115-1	II	Inner Mongolia,China	Lancaster 1	NSS
694	MZ-315	II	Inner Mongolia,China	PB	PB
695	M05N32	II	Inner Mongolia,China	Lancaster 1	NSS
696	15BX140	II	Inner Mongolia,China	Admix	Admix
697	15BX83	II	Inner Mongolia,China	Zi330	NSS
698	B07020	II	Inner Mongolia,China	Lancaster 1	NSS
699	B07111	II	Inner Mongolia,China	Admix	Admix
700	B07122	II	Inner Mongolia,China	PA 1	PA
701	B10038	II	Inner Mongolia,China	Amargo	SS
702	Ba08-12	II	Inner Mongolia,China	Admix	Admix
703	lx00-1	II	Shandong,China	PA 2	PA
704	lx03-2	II	Shandong,China	SPT 1	SPT
705	lx03-3	II	Shandong,China	Admix	Admix
706	lx08-8	II	Shandong,China	PB	PB
707	16SD007	II	Shandong,China	Admix	Admix
708	16SD008	II	Shandong,China	Admix	Admix
709	16SD021	II	Shandong,China	Zi330	NSS
710	16SD032	II	Shandong,China	Admix	Admix
711	16SD033	II	Shandong,China	PB	PB
712	16SD034	II	Shandong,China	PB	PB
713	16SD036	II	Shandong,China	PB	PB
714	16SD043	II	Shandong,China	BSSS	SS
715	16SD044	II	Shandong,China	BSSS	SS
716	16SD055	II	Shandong,China	Amargo	SS
717	16SD062	II	Shandong,China	Amargo	SS
718	16SD071	II	Shandong,China	Amargo	SS
719	16SD082	II	Shandong,China	Amargo	SS
720	16SD088	II	Shandong,China	Amargo	SS
721	16SD111	II	Shandong,China	Admix	Admix
722	16SD113	II	Shandong,China	Amargo	SS
723	16SD115	II	Shandong,China	Admix	Admix
724	16SD118	II	Shandong,China	Admix	Admix
725	16SD119	II	Shandong,China	Admix	Admix
726	16SD153	II	Shandong,China	1odent	Iodent
727	16SD159	II	Shandong,China	Amargo	SS
728	16SD166	II	Shandong,China	Admix	Admix
729	16SD179	II	Shandong,China	Admix	Admix
730	SD192	II	USA	1odent	Iodent
731	SD196	II	USA	BSSS	SS
732	SD198	II	USA	BSSS	SS
733	SD202	II	USA	Amargo	SS
734	SD211	II	USA	BSSS	SS
735	SD224	II	Jilin,China	Amargo	SS
736	SD225	II	Jilin,China	PA 1	PA
737	Jindan35M	I	Shanxi,China	Lancaster 2	NSS
738	Jin0-3	I	Shanxi,China	SPT 2	SPT
739	Changdan35F	I	Shanxi,China	Lancaster 2	NSS
740	206-305	II	Shanxi,China	1odent	Iodent
741	H10-105	II	Shanxi,China	Amargo	SS
742	H02-86	I	Shanxi,China	Admix	Admix
743	H02-18	I	Shanxi,China	Lancaster 2	NSS
744	Tai160-2	I	Shanxi,China	Admix	Admix
745	Si-144Gai	I	Jilin,China	Lancaster 1	NSS
746	H9-21Gai	I	Shanxi,China	Lancaster 2	NSS
747	Yunxi98-40	I	Shanxi,China	PA 1	PA
748	X8531	II	Shanxi,China	PA 1	PA
749	CH7-2-1	II	Shanxi,China	Admix	Admix
750	WX511	II	Shanxi,China	PB	PB
751	X232	II	Shanxi,China	SPT 2	SPT
752	Ds-12a	II	Shanxi,China	PB	PB
753	TD5937	II	Shanxi,China	Admix	Admix
754	X901	I	Beijing,China	PB	PB
755	Jinyu811F	I	Beijing,China	SPT 1	SPT
756	L5895	II	Hebei,China	PA 2	PA
757	Lianhe2M	I	Hebei,China	Admix	Admix
758	Lianhe2F	I	Hebei,China	Admix	Admix
759	Hai268	I	Heilongjiang,China	Lancaster 1	NSS
760	Tai961	I	Shanxi,China	Admix	Admix
761	H06-136	II	Shanxi,China	Admix	Admix
762	H06-71	II	Shanxi,China	PB	PB
763	WK12-2	I	Shanxi,China	SPT 1	SPT
764	X35-1	I	Shanxi,China	PA 1	PA
765	BR27	I	Shanxi,China	Lancaster 1	NSS
766	178-1	I	Shanxi,China	PA 1	PA
767	W314	I	Shanxi,China	Admix	Admix
768	Chong198	I	Shanxi,China	PA 1	PA
769	X48B	I	Shanxi,China	PA 1	PA
770	T17-2	I	Shanxi,China	Admix	Admix
771	C822	I	Shanxi,China	SPT 1	SPT
772	Xia178	I	Shanxi,China	PB	PB
773	Yunxi98-3	II	Shanxi,China	Admix	Admix
774	Yunxi02-13	II	Shanxi,China	Amargo	SS
775	ChangB100	I	Shanxi,China	PB	PB
776	Bihai58M	II	Hebei,China	PB	PB
777	Bihai58F	II	Hebei,China	SPT 1	SPT
778	Dinghai5M	II	Hebei,China	PB	PB
779	Dinghai5F	II	Hebei,China	SPT 1	SPT
780	Tongzao4M	I	Shanxi,China	Zi330	NSS
781	T276	II	Shanxi,China	PB	PB
782	16TW621	II	Shanxi,China	Admix	Admix
783	16TW632	II	Shanxi,China	Admix	Admix
784	TE235-D1m	II	Shanxi,China	1odent	Iodent
785	TS44	II	Shanxi,China	Amargo	SS
786	TZ243-B6F	II	Shanxi,China	SPT 1	SPT
787	TZ250	II	Shanxi,China	Lancaster 2	NSS
788	XF38P05F	II	USA	Amargo	SS
789	16B212-2	II	Sichuan,China	Admix	Admix
790	16B267	II	Sichuan,China	Amargo	SS
791	16B386-5	II	Sichuan,China	Admix	Admix
792	16Y673-7	II	Sichuan,China	PB	PB
793	16Y685-6	II	Sichuan,China	PB	PB
794	Mian983	II	Sichuan,China	Admix	Admix
795	SCML205	II	Sichuan,China	PA 1	PA
796	Y3052	II	Sichuan,China	Admix	Admix
797	Y9614	II	Sichuan,China	Admix	Admix
798	Yu1193	II	Sichuan,China	Admix	Admix
799	Yu8954	II	Sichuan,China	PA 1	PA
800	Y1603	II	Sichuan,China	Amargo	SS
801	Y1605	II	Sichuan,China	Admix	Admix
802	Y1630	II	Sichuan,China	Admix	Admix
803	Y1631	II	Sichuan,China	Admix	Admix
804	Y1632	II	Sichuan,China	PA 1	PA
805	Y1640	II	Sichuan,China	Admix	Admix
806	Y1642	II	Sichuan,China	Admix	Admix
807	Y1649	II	Sichuan,China	Amargo	SS
808	Y1665	II	Sichuan,China	PB	PB
809	Y1674	II	Sichuan,China	Admix	Admix
810	Y1675	II	Sichuan,China	Admix	Admix
811	Y1685	II	Sichuan,China	PB	PB
812	Y1687	II	Sichuan,China	Admix	Admix
813	Y1694	II	Sichuan,China	Admix	Admix
814	Y1695	II	Sichuan,China	Admix	Admix
815	Y1696	II	Sichuan,China	Admix	Admix
816	Y1697	II	Sichuan,China	Admix	Admix
817	Y1699	II	Sichuan,China	Admix	Admix
818	Y1701	II	Sichuan,China	Admix	Admix
819	Y1703	II	Sichuan,China	Amargo	SS
820	Y1704	II	Sichuan,China	Amargo	SS
821	Y1705	II	Sichuan,China	1odent	Iodent
822	Y1706	II	Sichuan,China	1odent	Iodent
823	Y1708	II	Sichuan,China	Amargo	SS
824	Y1710	II	Sichuan,China	1odent	Iodent
825	Y1711	II	Sichuan,China	Admix	Admix
826	Y1714	II	Sichuan,China	1odent	Iodent
827	Y1715	II	Sichuan,China	Admix	Admix
828	Y1741	II	Sichuan,China	Admix	Admix
829	Y1745	II	Sichuan,China	Admix	Admix
830	Y1747	II	Sichuan,China	Amargo	SS
831	Y1751	II	Sichuan,China	Amargo	SS
832	Y1753	II	Sichuan,China	Amargo	SS
833	Y1754	II	Sichuan,China	Amargo	SS
834	Y1755	II	Sichuan,China	Amargo	SS
835	Y1756	II	Sichuan,China	Amargo	SS
836	Y1757	II	Sichuan,China	Amargo	SS
837	Y1758	II	Sichuan,China	Amargo	SS
838	Y1775	II	Sichuan,China	PB	PB
839	485	II	Shaanxi,China	PA 2	PA
840	M340x	II	Shaanxi,China	Zi330	NSS
841	487	II	Shaanxi,China	Amargo	SS
842	T0403	II	Liaoning,China	SPT 1	SPT
843	489	II	Yunnan,China	Lancaster 2	NSS
844	5429	II	Shaanxi,China	Amargo	SS
845	50073	II	Shaanxi,China	Amargo	SS
846	5435	II	Shaanxi,China	Amargo	SS
847	5503	II	Shaanxi,China	Admix	Admix
848	5544	II	Shaanxi,China	Admix	Admix
849	5660	II	Shaanxi,China	Amargo	SS
850	5661	II	Shaanxi,China	1odent	Iodent
851	40763	II	Shaanxi,China	Amargo	SS
852	50014	II	Shaanxi,China	PA 1	PA
853	50043	II	Shaanxi,China	Amargo	SS
854	50040	II	Shaanxi,China	Amargo	SS
855	50035	II	Shaanxi,China	Amargo	SS
856	5514	II	Shaanxi,China	Amargo	SS
857	50034	II	Shaanxi,China	Amargo	SS
858	50031	II	Shaanxi,China	Amargo	SS
859	41006	II	Shaanxi,China	SPT 2	SPT
860	5431	II	Shaanxi,China	Amargo	SS
861	50005	II	Shaanxi,China	Amargo	SS
862	238	II	Shaanxi,China	Admix	Admix
863	241	II	Shaanxi,China	BSSS	SS
864	242	II	Shaanxi,China	Admix	Admix
865	244	II	Gansu,China	BSSS	SS
866	250	II	Gansu,China	BSSS	SS
867	267	II	Gansu,China	BSSS	SS
868	271	II	Gansu,China	BSSS	SS
869	F70	II	Liaoning,China	Zi330	NSS
870	LFY488	II	Gansu,China	PA 1	PA
871	Tx149	II	Gansu,China	SPT 2	SPT
872	Z021E0180	Unknown	USA	BSSS	SS
873	8723	I	Hebei,China	Admix	Admix
874	Hua94	I	Jilin,China	Lancaster 2	NSS
875	Tie133	I	Jilin,China	Lancaster 2	NSS
876	Mo17Ht	I	Liaoning,China	Lancaster 1	NSS
877	Daqiu36	I	Liaoning,China	Admix	Admix
878	M14	I	USA	Admix	Admix
879	Yuanwu02	I	Shandong,China	Lancaster 2	NSS
880	Yang	I	Shandong,China	Lancaster 2	NSS
881	Wu109	I	Shaanxi,China	Lancaster 2	NSS
882	Wu105	I	Shaanxi,China	Lancaster 2	NSS
883	Dan598	I	Liaoning,China	Lancaster 2	NSS
884	A801	I	Liaoning,China	PA 1	PA
885	NN14B	I	USA	Lancaster 2	NSS
886	Song1145	I	Beijing,China	PB	PB
887	Zao49	I	Beijing,China	Lancaster 2	NSS
888	Zhonghuang64	I	Beijing,China	Admix	Admix
889	CN165	I	Beijing,China	Lancaster 2	NSS
890	HR962	I	Beijing,China	SPT 1	SPT
891	DaMO	I	Beijing,China	Lancaster 1	NSS
892	Guangyou5	I	Beijing,China	Lancaster 2	NSS
893	Jingruo2	I	Beijing,China	Lancaster 2	NSS
894	M3736	I	Beijing,China	Lancaster 2	NSS
895	Meibao	I	Beijing,China	Lancaster 2	NSS
896	Yi12	I	Beijing,China	Admix	Admix
897	Yi49	I	Beijing,China	Lancaster 2	NSS
898	Zhong128	I	Beijing,China	Lancaster 2	NSS
899	Zhong741	I	Beijing,China	Admix	Admix
900	Zhongxi042	I	Beijing,China	Lancaster 2	NSS
901	Ziyu3	I	Beijing,China	Lancaster 2	NSS
902	Zong31	I	Beijing,China	Zi330	NSS
903	18	Unknown	China	Lancaster 2	NSS
904	Cai11-8	I	Sichuan,China	Zi330	NSS
905	фев.48	I	Sichuan,China	Zi330	NSS
906	Zongxi241	I	Sichuan,China	PB	PB
907	O30-1	I	Sichuan,China	Admix	Admix
908	75-14Gao	I	Sichuan,China	SPT 1	SPT
909	Cai48-1111	I	Sichuan,China	Lancaster 2	NSS
910	Qiu23	I	Sichuan,China	Lancaster 2	NSS
911	Yunnan9-6	I	Sichuan,China	Lancaster 2	NSS
912	Zong548-1521	I	Sichuan,China	PB	PB
913	Timpunia-1	Unknown	Germany	Lancaster 2	NSS
914	F522	Unknown	France	Amargo	SS
915	GR29086-3	Unknown	France	Lancaster 2	NSS
916	Yan38	I	Fujian,China	Lancaster 2	NSS
917	Yan103	I	Fujian,China	Lancaster 2	NSS
918	Yan11	I	Fujian,China	Lancaster 2	NSS
919	Yan85	I	Fujian,China	Lancaster 2	NSS
920	Jiu138-5	I	Gansu,China	Zi330	NSS
921	55113-3-3-5	I	Gansu,China	Lancaster 2	NSS
922	Feng263	I	Gansu,China	Lancaster 2	NSS
923	Feng273	I	Gansu,China	Lancaster 2	NSS
924	Gan41	I	Gansu,China	Lancaster 2	NSS
925	Lan766-4-2	I	Gansu,China	Lancaster 2	NSS
926	Wei3322	I	Gansu,China	Lancaster 2	NSS
927	M9	I	Guangxi,China	Admix	Admix
928	Da255	I	Jilin,China	Lancaster 2	NSS
929	Qin8-22-1	I	Guangxi,China	Admix	Admix
930	ShuangM9B-1	I	Guangxi,China	PB	PB
931	Yue20-3	I	Guangzhou,China	Zi330	NSS
932	Yue267-1-1	I	Guangzhou,China	Lancaster 2	NSS
933	Yue267-3-1	I	Guangzhou,China	Lancaster 2	NSS
934	Yue39-4	I	Guangzhou,China	Lancaster 2	NSS
935	Yue89A12-1	I	Guangzhou,China	Lancaster 2	NSS
936	Chengbei711	I	Hebei,China	Lancaster 2	NSS
937	79028	I	Hebei,China	Lancaster 2	NSS
938	Cheng435	I	Hebei,China	BSSS	SS
939	D729	I	Hebei,China	Lancaster 2	NSS
940	K36	I	Hebei,China	Admix	Admix
941	Cheng18	I	Hebei,China	Lancaster 2	NSS
942	F516	I	Hebei,China	Lancaster 2	NSS
943	H2	I	Hebei,China	Admix	Admix
944	Han102	I	Hebei,China	Lancaster 2	NSS
945	Ji432	I	Hebei,China	Lancaster 2	NSS
946	Jitian15	I	Hebei,China	Lancaster 2	NSS
947	Xing26	I	Hebei,China	Lancaster 2	NSS
948	Zhangjin6	I	Hebei,China	Lancaster 2	NSS
949	Zhangxi28	I	Hebei,China	Admix	Admix
950	Zhangxi913	I	Hebei,China	Lancaster 2	NSS
951	Zun90110	I	Hebei,China	PB	PB
952	Guan17-1	I	Henan,China	Lancaster 1	NSS
953	Ernan24	I	Henan,China	Lancaster 2	NSS
954	Zhengbai11	I	Henan,China	Lancaster 2	NSS
955	BaiU8112	I	Henan,China	Admix	Admix
956	Wutang448	I	Henan,China	Lancaster 2	NSS
957	Fu844	I	Heilongjiang,China	Lancaster 2	NSS
958	Fu8521	I	Heilongjiang,China	Lancaster 2	NSS
959	Fu8529	I	Heilongjiang,China	Lancaster 2	NSS
960	Fu8538	I	Heilongjiang,China	Lancaster 2	NSS
961	Fu8701	I	Heilongjiang,China	Admix	Admix
962	Longkang1	I	Heilongjiang,China	Admix	Admix
963	Longkang15	I	Heilongjiang,China	Lancaster 2	NSS
964	Longkang279	I	Heilongjiang,China	Lancaster 2	NSS
965	RC103Luo31B	I	Heilongjiang,China	Lancaster 2	NSS
966	Shuangtaiwu	I	Hubei,China	Lancaster 2	NSS
967	112-O2	I	Hunan,China	Zi330	NSS
968	75-24	I	Hunan,China	Lancaster 2	NSS
969	Zhonger-O2	I	Hunan,China	PA 1	PA
970	D801	I	Jilin,China	Admix	Admix
971	L105	I	Jilin,China	Lancaster 2	NSS
972	96201	I	Jilin,China	Admix	Admix
973	Ji833	I	Jilin,China	Lancaster 2	NSS
974	Ji870	I	Jilin,China	Admix	Admix
975	Ji876	I	Jilin,China	Zi330	NSS
976	Ji880	I	Jilin,China	Lancaster 2	NSS
977	Jiu03	I	Jilin,China	Lancaster 2	NSS
978	Jiu22	I	Jilin,China	Lancaster 2	NSS
979	CG10	Unknown	Canada	Lancaster 2	NSS
980	87-2O	I	Jiangsu,China	Lancaster 2	NSS
981	Danhuang02	I	Liaoning,China	Lancaster 2	NSS
982	B12	I	USA	Lancaster 2	NSS
983	Baihe43	I	Liaoning,China	Lancaster 2	NSS
984	Chaoxianbai	I	Liaoning,China	Lancaster 2	NSS
985	Dan3101	I	Liaoning,China	Admix	Admix
986	Dan3115	I	Liaoning,China	Lancaster 2	NSS
987	Dan3116	I	Liaoning,China	Lancaster 2	NSS
988	Fu85	I	Liaoning,China	Admix	Admix
989	Fu96	I	Liaoning,China	Lancaster 2	NSS
990	Jiao05	I	Liaoning,China	Lancaster 2	NSS
991	Liao2202	I	Liaoning,China	Admix	Admix
992	Liao2204	I	Liaoning,China	Admix	Admix
993	Liao5110	I	Liaoning,China	PA 1	PA
994	Liao7794	I	Liaoning,China	PA 1	PA
995	Shen135	I	Liaoning,China	PB	PB
996	Tie222	I	Liaoning,China	Admix	Admix
997	Lv9kuan	I	Liaoning,China	Lancaster 2	NSS
998	GB	I	Hebei,China	Lancaster 2	NSS
999	A495	I	USA	Lancaster 2	NSS
1000	A509	I	USA	Lancaster 2	NSS
1001	A632	I	USA	Amargo	SS
1002	CML61	Unknown	Mexico	Lancaster 2	NSS
1003	CML67	Unknown	Mexico	Lancaster 2	NSS
1004	De811	I	USA	Amargo	SS
1005	FR218	I	USA	BSSS	SS
1006	P39-su	I	USA	Lancaster 2	NSS
1007	P51	I	USA	Lancaster 2	NSS
1008	Pa405	I	USA	Lancaster 2	NSS
1009	Va35	I	USA	Lancaster 2	NSS
1010	W6786-su	I	USA	Lancaster 2	NSS
1011	Za5125-su	I	USA	Lancaster 2	NSS
1012	CML125-2-ma	Unknown	Mexico	Lancaster 2	NSS
1013	CML58M	Unknown	Mexico	SPT 2	SPT
1014	M256	I	USA	Lancaster 2	NSS
1015	BC19	Unknown	USA	Admix	Admix
1016	H66-6	Unknown	USA	Lancaster 2	NSS
1017	785	I	Inner Mongolia,China	Admix	Admix
1018	85Bai41	I	Inner Mongolia,China	Lancaster 2	NSS
1019	85Bai64	I	Inner Mongolia,China	Lancaster 2	NSS
1020	85Huang14	I	Inner Mongolia,China	Lancaster 2	NSS
1021	91Huang10	I	Inner Mongolia,China	Lancaster 2	NSS
1022	91Huang15	I	Inner Mongolia,China	Lancaster 2	NSS
1023	91Huang5	I	Inner Mongolia,China	Zi330	NSS
1024	92Huang40	I	Inner Mongolia,China	Admix	Admix
1025	92Huang7	I	Inner Mongolia,China	Lancaster 2	NSS
1026	Chi545	I	Inner Mongolia,China	Lancaster 2	NSS
1027	Chihuang14	I	Inner Mongolia,China	Lancaster 2	NSS
1028	Chihuang32	I	Inner Mongolia,China	Lancaster 2	NSS
1029	Xing83	I	Inner Mongolia,China	Lancaster 2	NSS
1030	Zhebai1	I	Inner Mongolia,China	Lancaster 2	NSS
1031	MP704	I	China	Admix	Admix
1032	Ning36	I	Ningxia,China	Zi330	NSS
1033	Ning37	I	Ningxia,China	Lancaster 2	NSS
1034	Ning45	I	Ningxia,China	Lancaster 2	NSS
1035	Zhongyin10	Unknown	China	Admix	Admix
1036	Qi318	I	Shandong,China	PB	PB
1037	Qi35	I	Shandong,China	Lancaster 1	NSS
1038	1029	I	Shandong,China	Lancaster 2	NSS
1039	H21	I	Shandong,China	SPT 1	SPT
1040	Luyuan133	I	Shandong,China	SPT 1	SPT
1041	Shuang105	I	Shandong,China	Lancaster 2	NSS
1042	488	I	Shandong,China	PA 1	PA
1043	200-24-13413	I	Shandong,China	Lancaster 2	NSS
1044	Huangjin63	I	Shandong,China	Lancaster 2	NSS
1045	Qi410	I	Shandong,China	Lancaster 2	NSS
1046	Tai184	I	Shanxi,China	Lancaster 2	NSS
1047	84-126-15-1	I	Shanxi,China	Zi330	NSS
1048	Tai1-Lg	I	Shanxi,China	Lancaster 1	NSS
1049	VG85-5	I	Shanxi,China	Admix	Admix
1050	Xilun5-9	I	Shanxi,China	Zi330	NSS
1051	Xuan6	I	Shanxi,China	Lancaster 2	NSS
1052	Ziduosui	I	Shanxi,China	Lancaster 2	NSS
1053	Wu125	I	Shaanxi,China	PB	PB
1054	Wu308	I	Shaanxi,China	Lancaster 2	NSS
1055	Wu302	I	Shaanxi,China	Lancaster 2	NSS
1056	S001	I	Shaanxi,China	SPT 1	SPT
1057	CWu215B	I	Shaanxi,China	Lancaster 2	NSS
1058	L005	I	Shaanxi,China	PB	PB
1059	L069	I	Shaanxi,China	PB	PB
1060	Wu306	I	Shaanxi,China	Lancaster 2	NSS
1061	Wu312	I	Shaanxi,China	Lancaster 2	NSS
1062	91af361	I	Shanghai,China	Lancaster 2	NSS
1063	H205	I	Shanghai,China	Lancaster 2	NSS
1064	32	I	Sichuan,China	PA 1	PA
1065	RW64A	I	USA	Admix	Admix
1066	72-105	Unknown	Italy	Amargo	SS
1067	72-125	Unknown	Italy	SPT 1	SPT
1068	75-322	Unknown	Italy	Zi330	NSS
1069	75-364	Unknown	Italy	Lancaster 2	NSS
1070	Lo1067	Unknown	Italy	Admix	Admix
1071	Lo1125	Unknown	Italy	PB	PB
1072	YX46	Unknown	China	Lancaster 2	NSS
1073	707	I	Yunnan,China	Lancaster 2	NSS
1074	Jinruo	I	Zhejiang,China	Lancaster 2	NSS
1075	Lu65	I	Zhejiang,China	Zi330	NSS
1076	897	I	China	SPT 1	SPT
1077	2005	I	China	Lancaster 2	NSS
1078	3514	I	China	Admix	Admix
1079	13AO2	I	China	Lancaster 2	NSS
1080	Dong623O2	I	China	Lancaster 2	NSS
1081	Jiao306O2	I	China	Lancaster 2	NSS
1082	OO6	I	China	Lancaster 1	NSS
1083	X178	I	Beijing,China	PB	PB
1084	HuangC	I	Beijing,China	PA 1	PA
1085	Tangsipingtou	I	Beijing,China	SPT 1	SPT
1086	Zong3	I	Beijing,China	Zi330	NSS
1087	Huotanghuang17	I	Hebei,China	Lancaster 1	NSS
1088	Chang7-2	I	Henan,China	SPT 2	SPT
1089	Ji63	I	Jilin,China	Lancaster 2	NSS
1090	444	I	Jilin,China	SPT 1	SPT
1091	Zi330	I	Liaoning,China	Zi330	NSS
1092	Dan340	I	Liaoning,China	Zi330	NSS
1093	E28	I	Liaoning,China	Lancaster 2	NSS
1094	5003	I	Liaoning,China	PA 1	PA
1095	C103	I	USA	Admix	Admix
1096	DH65232-DH9	I	Shandong,China	PA 1	PA
1097	Ye8112	I	Shandong,China	PA 1	PA
1098	Luyuan92	I	Shandong,China	Lancaster 2	NSS
1099	Hua160	I	Shandong,China	Lancaster 2	NSS
1100	Tianya4	I	Shaanxi,China	SPT 1	SPT
1101	Jing92	II	Beijing,China	SPT 1	SPT
1102	Ji35	I	Hebei,China	SPT 1	SPT
1103	KL4	I	Heilongjiang,China	Lancaster 1	NSS
1104	F62	II	Beijing,China	1odent	Iodent
1105	Xunshi104-8	II	Beijing,China	Amargo	SS
1106	CNH3754	II	Beijing,China	PA 2	PA
1107	CKEXI13	II	Heilongjiang,China	Zi330	NSS
1108	Liao3180	I	Liaoning,China	Amargo	SS
1109	B68	I	USA	Amargo	SS
1110	Ningchen07	II	China	Admix	Admix
1111	446	I	Jilin,China	Zi330	NSS
1112	Suixi704	II	Heilongjiang,China	Lancaster 1	NSS
1113	150-4	I	Beijing,China	Lancaster 1	NSS
1114	895	Unknown	China	PA 2	PA
1115	Ye52106	I	Shandong,China	Lancaster 2	NSS
1116	M81708634	Unknown	China	PA 1	PA
1117	Shen5005	I	Liaoning,China	PA 1	PA
1118	196	I	Shandong,China	SPT 1	SPT
1119	LD61	I	Liaoning,China	Lancaster 2	NSS
1120	M22	I	Hubei,China	Admix	Admix
1121	D183	I	Jilin,China	PB	PB
1122	Jing89	I	Beijing,China	PA 1	PA
1123	Jing404	I	Beijing,China	SPT 1	SPT
1124	Liao3162	I	Liaoning,China	Amargo	SS
1125	150-4Rel	I	Beijing,China	Lancaster 1	NSS
1126	Chong72	I	Shanxi,China	PA 1	PA
1127	806A	I	Gansu,China	Admix	Admix
1128	Han21	I	Shanxi,China	Admix	Admix
1129	Huangzaosi	I	Beijing,China	SPT 1	SPT
1130	757	Unknown	China	Admix	Admix
1131	953	I	Hebei,China	Admix	Admix
1132	7236	Unknown	China	Admix	Admix
1133	9706	I	Jilin,China	Admix	Admix
1134	68122	Unknown	China	PB	PB
1135	1205A	Unknown	China	PA 1	PA
1136	3489a	Unknown	China	Admix	Admix
1137	3H2	I	Beijing,China	Lancaster 2	NSS
1138	7026B	Unknown	China	SPT 1	SPT
1139	L9101-7	Unknown	China	Admix	Admix
1140	98F1	Unknown	China	BSSS	SS
1141	B394	Unknown	China	Admix	Admix
1142	Beck	Unknown	China	Admix	Admix
1143	ChangK	Unknown	China	SPT 1	SPT
1144	Chen322	Unknown	China	PB	PB
1145	CT109	Unknown	China	PB	PB
1146	D1139	Unknown	China	PB	PB
1147	D23	Unknown	China	Admix	Admix
1148	D857	Unknown	China	Lancaster 2	NSS
1149	D869	Unknown	China	PB	PB
1150	D886	Unknown	China	PB	PB
1151	DanT138	I	Liaoning,China	PA 1	PA
1152	DF32	Unknown	China	Lancaster 1	NSS
1153	E600	Unknown	China	PB	PB
1154	H9442	Unknown	China	PA 1	PA
1155	Hai1134	I	Heilongjiang,China	Zi330	NSS
1156	Huanglv12	I	China	Admix	Admix
1157	Huo17	Unknown	China	Lancaster 1	NSS
1158	J0045	I	Beijing,China	PB	PB
1159	Ji15-22	I	Hebei,China	Admix	Admix
1160	Ji477	Unknown	China	Lancaster 2	NSS
1161	Jing54	I	Beijing,China	SPT 1	SPT
1162	Jinghuang59	I	Beijing,China	PB	PB
1163	JN15	II	Beijing,China	PB	PB
1164	LX1124	I	Shandong,China	PA 1	PA
1165	M101	I	Beijing,China	Zi330	NSS
1166	M7	II	Beijing,China	Admix	Admix
1167	N68a	Unknown	China	Admix	Admix
1168	R31	Unknown	China	Admix	Admix
1169	SC24-1	Unknown	China	PB	PB
1170	Shan89	Unknown	Shaanxi,China	PB	PB
1171	Shen977	II	Liaoning,China	PB	PB
1172	Su75	I	Jiangsu,China	PA 1	PA
1173	Tian77	Unknown	China	Lancaster 2	NSS
1174	TieC9324	I	Liaoning,China	PA 1	PA
1175	W172	Unknown	China	BSSS	SS
1176	W499	II	Beijing,China	BSSS	SS
1177	XF223	Unknown	China	Lancaster 2	NSS
1178	Xun971	I	Henan,China	Admix	Admix
1179	Yan812	I	China	Admix	Admix
1180	Yi67	I	China	Admix	Admix
1181	Zhongzi01	I	Beijing,China	PB	PB
1182	HD568	II	Beijing,China	SPT 2	SPT
1183	Jing2416	II	Beijing,China	SPT 1	SPT
1184	Jing388	II	Beijing,China	PA 2	PA
1185	Jing388Gai	II	Beijing,China	PA 2	PA
1186	A027	II	Beijing,China	SPT 1	SPT
1187	A059	II	Beijing,China	SPT 1	SPT
1188	A072	II	Beijing,China	SPT 1	SPT
1189	B010	II	Beijing,China	SPT 1	SPT
1190	B171	II	Beijing,China	SPT 1	SPT
1191	C011	II	Beijing,China	Admix	Admix
1192	C045	II	Beijing,China	PA 2	PA
1193	C052	II	Beijing,China	PA 2	PA
1194	C061	II	Beijing,China	SPT 1	SPT
1195	E033	II	Beijing,China	SPT 1	SPT
1196	E101	II	Beijing,China	Zi330	NSS
1197	F003	II	Beijing,China	Admix	Admix
1198	F008	II	Beijing,China	Admix	Admix
1199	G099	II	Beijing,China	Admix	Admix
1200	J006	II	Beijing,China	SPT 1	SPT
1201	K013	II	Beijing,China	PA 1	PA
1202	Cheng687	I	Sichuan,China	PB	PB
1203	O8-641	I	Sichuan,China	Admix	Admix
1204	F7	Unknown	France	PB	PB
1205	Yanlai2	I	Fujian,China	Lancaster 2	NSS
1206	5237	I	Hebei,China	SPT 1	SPT
1207	F7584	I	Hebei,China	Lancaster 1	NSS
1208	Huangyesi3	I	Hebei,China	SPT 1	SPT
1209	DHuang212	I	Hebei,China	SPT 1	SPT
1210	Jing7	I	Henan,China	SPT 1	SPT
1211	Zheng22	I	Henan,China	Lancaster 2	NSS
1212	Ji533	I	Henan,China	Admix	Admix
1213	Huobai	I	Henan,China	Lancaster 2	NSS
1214	Zheng58	II	Henan,China	PA 2	PA
1215	Jing7huang	I	Henan,China	SPT 1	SPT
1216	Yu537A	I	Henan,China	Admix	Admix
1217	Xun926	I	Henan,China	SPT 2	SPT
1218	R08	I	Sichuan,China	Admix	Admix
1219	S73	I	Hubei,China	PB	PB
1220	7884-7Ht	I	Hubei,China	Lancaster 2	NSS
1221	Chang72	I	Hubei,China	Lancaster 2	NSS
1222	FLQ2Bt	Unknown	Hubei,China	Lancaster 2	NSS
1223	H153	I	Hubei,China	Admix	Admix
1224	HZ120	Unknown	Hubei,China	Lancaster 2	NSS
1225	Longxi65	I	Hubei,China	Lancaster 1	NSS
1226	RP125	Unknown	Hubei,China	Admix	Admix
1227	Ji856	I	Jilin,China	Admix	Admix
1228	D185	I	Jilin,China	Lancaster 1	NSS
1229	Ji854	I	Jilin,China	BSSS	SS
1230	C416	I	Jilin,China	Lancaster 1	NSS
1231	Si-144	I	Jilin,China	Admix	Admix
1232	Ji4112	I	Jilin,China	PA 1	PA
1233	Dan988	I	Liaoning,China	Admix	Admix
1234	Shen151	I	Liaoning,China	Zi330	NSS
1235	Tie98033-1	I	Liaoning,China	1odent	Iodent
1236	Lv28	I	Liaoning,China	Lancaster 2	NSS
1237	Hai9818	I	Liaoning,China	PB	PB
1238	Liao4271	I	Liaoning,China	Admix	Admix
1239	Q1261	I	Liaoning,China	SPT 1	SPT
1240	Shen125	I	Liaoning,China	PA 1	PA
1241	Dan360	I	Liaoning,China	PA 1	PA
1242	78002A	I	USA	BSSS	SS
1243	78010Rel	I	USA	BSSS	SS
1244	AusTRCF306296	I	USA	Admix	Admix
1245	B77	I	USA	Lancaster 2	NSS
1246	B84	I	USA	Admix	Admix
1247	CI127	I	USA	Lancaster 2	NSS
1248	DelawareEI	Unknown	USA	PB	PB
1249	H110	I	USA	Lancaster 2	NSS
1250	LH215	II	USA	Lancaster 1	NSS
1251	Mp710	I	USA	Lancaster 2	NSS
1252	N28Ht	I	USA	Lancaster 2	NSS
1253	NC292	I	USA	BSSS	SS
1254	NC356	I	USA	Lancaster 2	NSS
1255	NC368	I	USA	BSSS	SS
1256	Oh599	I	USA	Lancaster 2	NSS
1257	PHJ65	II	USA	Lancaster 2	NSS
1258	PHN82	II	USA	1odent	Iodent
1259	Va33	I	USA	Lancaster 2	NSS
1260	792	II	USA	BSSS	SS
1261	LH128	II	USA	Lancaster 1	NSS
1262	LH149	II	USA	BSSS	SS
1263	LH194	II	USA	BSSS	SS
1264	LH195	II	USA	BSSS	SS
1265	LH202	II	USA	BSSS	SS
1266	LH205	II	USA	BSSS	SS
1267	LH208	II	USA	BSSS	SS
1268	LH220Ht	II	USA	BSSS	SS
1269	PHG84	II	USA	1odent	Iodent
1270	PHJ33	II	USA	1odent	Iodent
1271	PHJ75	II	USA	1odent	Iodent
1272	PHR58	II	USA	Admix	Admix
1273	PHR62	II	USA	1odent	Iodent
1274	PHV63	II	USA	Admix	Admix
1275	PHV78	II	USA	1odent	Iodent
1276	PHZ51	II	USA	Admix	Admix
1277	PH207	II	USA	1odent	Iodent
1278	740	II	USA	Lancaster 1	NSS
1279	764	II	USA	BSSS	SS
1280	778	II	USA	Admix	Admix
1281	787	II	USA	Lancaster 2	NSS
1282	790	II	USA	BSSS	SS
1283	793	II	USA	BSSS	SS
1284	794	II	USA	BSSS	SS
1285	899	II	USA	Amargo	SS
1286	901	II	USA	BSSS	SS
1287	911	II	USA	1odent	Iodent
1288	1538	II	USA	1odent	Iodent
1289	2369	II	USA	BSSS	SS
1290	6103	II	USA	Amargo	SS
1291	11430	II	USA	1odent	Iodent
1292	78010	II	USA	BSSS	SS
1293	2FACC	II	USA	BSSS	SS
1294	2FAD8	II	USA	BSSS	SS
1295	2FADB	II	USA	BSSS	SS
1296	2MA22	II	USA	Lancaster 2	NSS
1297	2MCD8	II	USA	Admix	Admix
1298	2MCDB	II	USA	Admix	Admix
1299	3IIH6	II	USA	1odent	Iodent
1300	3IJI1	II	USA	1odent	Iodent
1301	4676A	II	USA	Amargo	SS
1302	4N506	II	USA	BSSS	SS
1303	6F629	II	USA	Admix	Admix
1304	6M502	II	USA	Lancaster 2	NSS
1305	6M502A	II	USA	Admix	Admix
1306	78371A	II	USA	Zi330	NSS
1307	78551S	II	USA	Zi330	NSS
1308	87916W	II	USA	BSSS	SS
1309	8M129	II	USA	Admix	Admix
1310	AM0776	II	USA	1odent	Iodent
1311	B47	II	USA	Amargo	SS
1312	BCC03	II	USA	Lancaster 1	NSS
1313	BO9	II	USA	Amargo	SS
1314	CQ702RC	II	USA	Zi330	NSS
1315	CR1HT	II	USA	Lancaster 1	NSS
1316	DJ7	II	USA	BSSS	SS
1317	E8501	II	USA	Lancaster 2	NSS
1318	F118	II	USA	BSSS	SS
1319	F42	II	USA	BSSS	SS
1320	FAPW	II	USA	Amargo	SS
1321	FBHJ	II	USA	Admix	Admix
1322	FBLA	II	USA	Admix	Admix
1323	FR19	II	USA	Lancaster 2	NSS
1324	G80	II	USA	Amargo	SS
1325	H8431	II	USA	Admix	Admix
1326	HB8229	II	USA	Admix	Admix
1327	HBA1	II	USA	Admix	Admix
1328	IBB15	II	USA	1odent	Iodent
1329	IBC2	II	USA	1odent	Iodent
1330	ICI193	II	USA	Admix	Admix
1331	ICI441	II	USA	BSSS	SS
1332	ICI581	II	USA	Zi330	NSS
1333	ICI740	II	USA	BSSS	SS
1334	ICI893	II	USA	BSSS	SS
1335	ICI986	II	USA	1odent	Iodent
1336	J8606	II	USA	1odent	Iodent
1337	L135	II	USA	1odent	Iodent
1338	L139	II	USA	1odent	Iodent
1339	LH123HT	II	USA	Zi330	NSS
1340	LH127	II	USA	Lancaster 1	NSS
1341	LH132	II	USA	BSSS	SS
1342	LH145	II	USA	Amargo	SS
1343	LH150	II	USA	Admix	Admix
1344	LH160	II	USA	Lancaster 2	NSS
1345	LH164	II	USA	1odent	Iodent
1346	LH168	II	USA	Admix	Admix
1347	LH181	II	USA	BSSS	SS
1348	LH183	II	USA	Lancaster 1	NSS
1349	LH184	II	USA	Lancaster 1	NSS
1350	LH185	II	USA	Lancaster 1	NSS
1351	LH186	II	USA	Lancaster 1	NSS
1352	LH190	II	USA	BSSS	SS
1353	LH191	II	USA	Admix	Admix
1354	LH192	II	USA	BSSS	SS
1355	LH193	II	USA	BSSS	SS
1356	LH196	II	USA	BSSS	SS
1357	LH197	II	USA	BSSS	SS
1358	LH198	II	USA	BSSS	SS
1359	LH199	II	USA	BSSS	SS
1360	LH200	II	USA	Lancaster 1	NSS
1361	LH204	II	USA	BSSS	SS
1362	LH206	II	USA	BSSS	SS
1363	LH209	II	USA	BSSS	SS
1364	LH210	II	USA	Lancaster 1	NSS
1365	LH211	II	USA	Lancaster 1	NSS
1366	LH212Ht	II	USA	Zi330	NSS
1367	LH213	II	USA	Lancaster 1	NSS
1368	LH214	II	USA	Lancaster 1	NSS
1369	LH216	II	USA	Lancaster 1	NSS
1370	LH217	II	USA	BSSS	SS
1371	LH218	II	USA	Lancaster 1	NSS
1372	LH222	II	USA	BSSS	SS
1373	LH223	II	USA	Amargo	SS
1374	LH224	II	USA	Amargo	SS
1375	LH284	II	USA	Admix	Admix
1376	LH38	II	USA	Zi330	NSS
1377	LH39	II	USA	Zi330	NSS
1378	LH52	II	USA	Lancaster 1	NSS
1379	LH54	II	USA	Lancaster 1	NSS
1380	LH57	II	USA	Lancaster 1	NSS
1381	LH60	II	USA	Lancaster 1	NSS
1382	LH61	II	USA	Lancaster 1	NSS
1383	LH65	II	USA	Lancaster 1	NSS
1384	LH74	II	USA	BSSS	SS
1385	LH82	II	USA	Admix	Admix
1386	LH85	II	USA	Lancaster 2	NSS
1387	LH93	II	USA	Lancaster 2	NSS
1388	Lp215D	II	USA	Lancaster 1	NSS
1389	MBNA	II	USA	Lancaster 1	NSS
1390	MBPM	II	USA	Lancaster 2	NSS
1391	MBSJ	II	USA	Zi330	NSS
1392	MBST	II	USA	Zi330	NSS
1393	MBUB	II	USA	Zi330	NSS
1394	MBWZ	II	USA	1odent	Iodent
1395	ML606	II	USA	Zi330	NSS
1396	MM402A	II	USA	Zi330	NSS
1397	MM501D	II	USA	Zi330	NSS
1398	NL001	II	USA	BSSS	SS
1399	NQ508	II	USA	1odent	Iodent
1400	NS501	II	USA	1odent	Iodent
1401	NS701	II	USA	BSSS	SS
1402	OQ603	II	USA	1odent	Iodent
1403	OS602	II	USA	1odent	Iodent
1404	PB80	II	USA	BSSS	SS
1405	PHAW6	II	USA	1odent	Iodent
1406	PHBA6	II	USA	Admix	Admix
1407	PHBB3	II	USA	Amargo	SS
1408	PHEG9	II	USA	Amargo	SS
1409	PHER9	II	USA	Amargo	SS
1410	PHEW7	II	USA	Amargo	SS
1411	PHG39	II	USA	Amargo	SS
1412	PHG47	II	USA	Admix	Admix
1413	PHG50	II	USA	1odent	Iodent
1414	PHG71	II	USA	Admix	Admix
1415	PHG72	II	USA	1odent	Iodent
1416	PHG83	II	USA	1odent	Iodent
1417	PHG86	II	USA	Amargo	SS
1418	PHGV6	II	USA	Lancaster 2	NSS
1419	PHH93	II	USA	1odent	Iodent
1420	PHHB4	II	USA	Amargo	SS
1421	PHHB9	II	USA	Amargo	SS
1422	PHHH9	II	USA	Amargo	SS
1423	PHJ31	II	USA	Admix	Admix
1424	PHJ70	II	USA	BSSS	SS
1425	PHJ89	II	USA	Zi330	NSS
1426	PHJR5	II	USA	Amargo	SS
1427	PHK29	II	USA	Amargo	SS
1428	PHK35	II	USA	Amargo	SS
1429	PHK42	II	USA	1odent	Iodent
1430	PHK46	II	USA	Admix	Admix
1431	PHK56	II	USA	1odent	Iodent
1432	PHK76	II	USA	Admix	Admix
1433	PHK93	II	USA	Lancaster 2	NSS
1434	PHKE6	II	USA	1odent	Iodent
1435	PHM10	II	USA	1odent	Iodent
1436	PHM49	II	USA	1odent	Iodent
1437	PHMK0	II	USA	Admix	Admix
1438	PHN18	II	USA	Admix	Admix
1439	PHN29	II	USA	1odent	Iodent
1440	PHN34	II	USA	Lancaster 2	NSS
1441	PHN37	II	USA	Zi330	NSS
1442	PHN46	II	USA	BSSS	SS
1443	PHN66	II	USA	Amargo	SS
1444	PHN73	II	USA	1odent	Iodent
1445	PHP02	II	USA	1odent	Iodent
1446	PHP38	II	USA	1odent	Iodent
1447	PHP55	II	USA	1odent	Iodent
1448	PHP76	II	USA	1odent	Iodent
1449	PHP85	II	USA	Amargo	SS
1450	PHPR5	II	USA	Amargo	SS
1451	PHR30	II	USA	Amargo	SS
1452	PHR31	II	USA	1odent	Iodent
1453	PHR32	II	USA	Admix	Admix
1454	PHR36	II	USA	1odent	Iodent
1455	PHR47	II	USA	Amargo	SS
1456	PHR55	II	USA	1odent	Iodent
1457	PHR61	II	USA	Amargo	SS
1458	PHR63	II	USA	1odent	Iodent
1459	PHT11	II	USA	Amargo	SS
1460	PHT22	II	USA	1odent	Iodent
1461	PHT47	II	USA	Amargo	SS
1462	PHT55	II	USA	Amargo	SS
1463	PHT60	II	USA	Zi330	NSS
1464	PHT69	II	USA	1odent	Iodent
1465	PHT77	II	USA	Admix	Admix
1466	PHV07	II	USA	Amargo	SS
1467	PHV37	II	USA	Amargo	SS
1468	PHV57	II	USA	1odent	Iodent
1469	PHVA9	II	USA	Amargo	SS
1470	PHW03	II	USA	Lancaster 2	NSS
1471	PHW06	II	USA	1odent	Iodent
1472	PHW17	II	USA	BSSS	SS
1473	PHW20	II	USA	Lancaster 2	NSS
1474	PHW43	II	USA	1odent	Iodent
1475	PHW52	II	USA	Amargo	SS
1476	PHW53	II	USA	1odent	Iodent
1477	PHW65	II	USA	1odent	Iodent
1478	PHW79	Unknown	USA	PB	PB
1479	PHWG5	II	USA	1odent	Iodent
1480	S8326	II	USA	Lancaster 1	NSS
1481	SeagullSeventeen	II	USA	Lancaster 1	NSS
1482	W8304	II	USA	BSSS	SS
1483	WIL900	II	USA	Lancaster 1	NSS
1484	WIL903	II	USA	Lancaster 1	NSS
1485	ZS1791	II	USA	BSSS	SS
1486	ZS365	II	USA	Amargo	SS
1487	ZS635	II	USA	Admix	Admix
1488	B73	I	USA	BSSS	SS
1489	B97	I	USA	Lancaster 2	NSS
1490	Ki11	I	USA	Lancaster 2	NSS
1491	Ki3	I	USA	Lancaster 2	NSS
1492	Ky21	I	USA	Lancaster 2	NSS
1493	M162W	I	USA	Lancaster 2	NSS
1494	M37W	I	USA	Lancaster 2	NSS
1495	Mo17	I	USA	Lancaster 1	NSS
1496	Mo18W	I	USA	Lancaster 2	NSS
1497	Ms71	I	USA	Lancaster 2	NSS
1498	NC350	I	USA	Lancaster 2	NSS
1499	NC358	I	USA	Lancaster 2	NSS
1500	Oh43	I	USA	Zi330	NSS
1501	Oh7B	I	USA	Lancaster 2	NSS
1502	Tzi8	I	USA	Lancaster 2	NSS
1503	A554	I	USA	Lancaster 2	NSS
1504	A556	I	USA	Lancaster 2	NSS
1505	A619	I	USA	Zi330	NSS
1506	A679	I	USA	BSSS	SS
1507	B164	I	USA	Lancaster 2	NSS
1508	CM105	I	USA	Amargo	SS
1509	H95	I	USA	Zi330	NSS
1510	Mo1W	I	USA	Lancaster 2	NSS
1511	N192	I	USA	BSSS	SS
1512	N42	I	USA	1odent	Iodent
1513	N6	I	USA	Lancaster 2	NSS
1514	NC268	I	USA	BSSS	SS
1515	NC294	I	USA	BSSS	SS
1516	NC310	I	USA	BSSS	SS
1517	NC328	I	USA	BSSS	SS
1518	Oh43E	I	USA	Zi330	NSS
1519	Pa91	I	USA	Admix	Admix
1520	R168	I	USA	Lancaster 2	NSS
1521	Wf9	I	USA	Lancaster 2	NSS
1522	Zhongzi03	I	Beijing,China	Lancaster 2	NSS
1523	B110	I	USA	BSSS	SS
1524	B111	I	USA	Admix	Admix
1525	GEMS1	I	USA	Admix	Admix
1526	GEMS16	I	USA	BSSS	SS
1527	GEMS18	I	USA	BSSS	SS
1528	GEMS28	I	USA	Lancaster 2	NSS
1529	GEMS29	I	USA	BSSS	SS
1530	GEMS3	I	USA	Lancaster 2	NSS
1531	GEMS40	I	USA	Admix	Admix
1532	GEMS54	I	USA	Lancaster 2	NSS
1533	GEMS59	I	USA	Admix	Admix
1534	GEMS63	I	USA	BSSS	SS
1535	GEMS65	I	USA	BSSS	SS
1536	Z001E0004	Unknown	USA	BSSS	SS
1537	Z001E0010	Unknown	USA	BSSS	SS
1538	Z004E0173	Unknown	USA	BSSS	SS
1539	Z005E0091	Unknown	USA	BSSS	SS
1540	Z005E0115	Unknown	USA	BSSS	SS
1541	Z013E0072	Unknown	USA	Admix	Admix
1542	Z015E0010	Unknown	USA	BSSS	SS
1543	Z015E0048	Unknown	USA	Lancaster 2	NSS
1544	Z019E0072	Unknown	USA	BSSS	SS
1545	Z021E0003	Unknown	USA	BSSS	SS
1546	Z021E0077	Unknown	USA	Lancaster 2	NSS
1547	Z021E0138	Unknown	USA	BSSS	SS
1548	Z022E0113	Unknown	USA	Zi330	NSS
1549	Z026E0069	Unknown	USA	BSSS	SS
1550	GM406	I	USA	Amargo	SS
1551	GM462	I	USA	Amargo	SS
1552	GM566	I	USA	Amargo	SS
1553	GM571	I	USA	Amargo	SS
1554	CML103	Unknown	Mexico	Lancaster 2	NSS
1555	CML277	Unknown	Mexico	Lancaster 2	NSS
1556	CML322	Unknown	Mexico	Lancaster 2	NSS
1557	CML333	Unknown	Mexico	Lancaster 2	NSS
1558	CML69	Unknown	Mexico	Lancaster 2	NSS
1559	CML115	Unknown	Mexico	Lancaster 2	NSS
1560	CML130	Unknown	Mexico	Lancaster 2	NSS
1561	853	I	Inner Mongolia,China	SPT 1	SPT
1562	Ye488	I	Shandong,China	PA 1	PA
1563	Qi319	I	Shandong,China	PB	PB
1564	Weifeng322	I	Shandong,China	Lancaster 2	NSS
1565	Ye478	I	Shandong,China	PA 1	PA
1566	Lx9801	I	Shandong,China	SPT 1	SPT
1567	Qi205	I	Shandong,China	Lancaster 2	NSS
1568	Shuang741	I	Shandong,China	Admix	Admix
1569	Wenhuang31413	I	Shandong,China	SPT 1	SPT
1570	D518F	II	Shandong,China	Admix	Admix
1571	D518M	II	Shandong,China	Admix	Admix
1572	930	I	Shanxi,China	SPT 1	SPT
1573	148	I	Shanxi,China	SPT 1	SPT
1574	477	I	Jilin,China	BSSS	SS
1575	Hai9-21	I	Shanxi,China	Admix	Admix
1576	wk12	Unknown	Shanxi,China	SPT 1	SPT
1577	Zezi23	I	Shanxi,China	PB	PB
1578	Duo229	I	Shaanxi,China	Lancaster 2	NSS
1579	K12	I	Shaanxi,China	SPT 1	SPT
1580	DH40	I	Shandong,China	Admix	Admix
1581	K21	I	Shaanxi,China	PB	PB
1582	Mei22	I	Shaanxi,China	Lancaster 2	NSS
1583	Wu314	I	Shaanxi,China	SPT 1	SPT
1584	HC2-CGJ	Unknown	USA	Lancaster 2	NSS
1585	CT52C	Unknown	Sichuan,China	Admix	Admix
1586	107	I	Shandong,China	Lancaster 2	NSS
1587	5872	II	Hebei,China	Admix	Admix
1588	8902	I	Shaanxi,China	Admix	Admix
1589	912	II	Beijing,China	SPT 2	SPT
1590	LX3999	I	Shandong,China	PB	PB
1591	MULiHe16	II	Heilongjiang,China	Zi330	NSS
1592	MuLiyu16	Unknown	China	PA 2	PA
1593	S7913	I	Sichuan,China	Zi330	NSS
1594	Tai183	I	Henan,China	Lancaster 2	NSS
1595	526018	Unknown	China	PB	PB
1596	975-12	Unknown	Sichuan,China	PA 1	PA
1597	CIMBL58	Unknown	Mexico	Lancaster 1	NSS
1598	Dan4245	Unknown	China	Admix	Admix
1599	LXN	Unknown	China	Admix	Admix
1600	Ry729	I	USA	Lancaster 2	NSS
1601	SI434	Unknown	China	PA 1	PA
1602	Z2018F	Unknown	China	Admix	Admix
1603	Zheng29	I	Henan,China	Lancaster 2	NSS
1604	Zheng35	I	Henan,China	PA 1	PA
 Era I, before 2000; Era II, after 2000. 					
